регион,год,I+J3,J1,J3,N
Алтайский край,2009,3248,7817,387,2493.745
Алтайский край,2010,2886,7530,461,2421.883
Алтайский край,2011,3033,8217,1015,2412.294
Алтайский край,2012,2745,10434,839,2398.751
Алтайский край,2013,2640,11288,958,2390.638
Алтайский край,2014,2551,12391,1037,2390.638
Алтайский край,2015,2554,13842,1188,2384.812
Алтайский край,2016,2375,15364,1322,2376.774
Алтайский край,2017,2129,16240,1456,2365.68
Алтайский край,2018,2053,16000,1342,2350.08
Алтайский край,2019,1811,16322,1178,2332.813
Алтайский край,2020,1314,17082,973,2317.153
Алтайский край,2021,1170,17982,920,2296.353
Амурская обл.,2009,1245,195,7,862.572
Амурская обл.,2010,1244,230,10,830.232
Амурская обл.,2011,1020,278,7,825.116
Амурская обл.,2012,901,320,8,816.91
Амурская обл.,2013,816,305,12,811.274
Амурская обл.,2014,689,360,14,811.274
Амурская обл.,2015,621,424,22,809.873
Амурская обл.,2016,539,495,24,805.689
Амурская обл.,2017,494,545,25,801.752
Амурская обл.,2018,464,635,33,798.424
Амурская обл.,2019,445,728,38,793.194
Амурская обл.,2020,374,797,33,790.044
Амурская обл.,2021,367,875,32,781.846
Архангельская обл.,2009,679,292,6,1258.242
Архангельская обл.,2010,646,363,7,1230.543
Архангельская обл.,2011,625,1012,8,1219.207
Архангельская обл.,2012,501,474,6,1159.506
Архангельская обл.,2013,465,561,9,1148.76
Архангельская обл.,2014,420,1045,10,1148.76
Архангельская обл.,2015,373,1259,10,1139.95
Архангельская обл.,2016,335,1336,7,1130.24
Архангельская обл.,2017,251,1191,5,1121.813
Архангельская обл.,2018,230,1421,11,1111.031
Архангельская обл.,2019,220,1653,18,1100.29
Архангельская обл.,2020,163,1719,15,1092.424
Архангельская обл.,2021,166,1822,16,1082.662
Астраханская обл.,2009,913,386,5,1006.177
Астраханская обл.,2010,901,397,12,1010.598
Астраханская обл.,2011,948,486,26,1012.386
Астраханская обл.,2012,1071,482,21,1013.84
Астраханская обл.,2013,995,562,44,1016.516
Астраханская обл.,2014,959,681,56,1016.516
Астраханская обл.,2015,1068,773,80,1021.287
Астраханская обл.,2016,982,893,52,1018.626
Астраханская обл.,2017,916,926,62,1018.866
Астраханская обл.,2018,733,1056,50,1017.514
Астраханская обл.,2019,790,1121,50,1014.065
Астраханская обл.,2020,602,1181,62,1005.782
Астраханская обл.,2021,547,1251,63,997.778
БелГ.ская обл.,2009,784,679,22,1527.603
БелГ.ская обл.,2010,712,823,28,1532.205
БелГ.ская обл.,2011,621,917,27,1534.213
БелГ.ская обл.,2012,602,1003,23,1540.985
БелГ.ская обл.,2013,452,1150,17,1544.108
БелГ.ская обл.,2014,448,1277,20,1544.108
БелГ.ская обл.,2015,420,1443,19,1547.936
БелГ.ская обл.,2016,333,1737,22,1550.137
БелГ.ская обл.,2017,303,2072,20,1552.865
БелГ.ская обл.,2018,265,2246,32,1549.876
БелГ.ская обл.,2019,220,2375,25,1547.418
БелГ.ская обл.,2020,183,2427,28,1549.151
БелГ.ская обл.,2021,175,2498,25,1541.259
Брянская обл.,2009,1277,1099,31,1295.917
Брянская обл.,2010,1138,1202,36,1280.493
Брянская обл.,2011,1007,1314,50,1269.885
Брянская обл.,2012,931,1431,49,1253.666
Брянская обл.,2013,866,1533,56,1242.599
Брянская обл.,2014,796,1650,57,1242.599
Брянская обл.,2015,729,1767,71,1232.94
Брянская обл.,2016,655,2025,69,1225.741
Брянская обл.,2017,539,2194,70,1220.53
Брянская обл.,2018,471,2505,67,1210.982
Брянская обл.,2019,444,2760,49,1200.187
Брянская обл.,2020,333,2622,50,1192.491
Брянская обл.,2021,279,2753,46,1182.682
Владимирская обл.,2009,1156,1233,56,1434.922
Владимирская обл.,2010,939,1415,71,1446.92
Владимирская обл.,2011,873,2585,32,1436.531
Владимирская обл.,2012,877,1797,63,1421.742
Владимирская обл.,2013,728,2042,42,1413.321
Владимирская обл.,2014,713,2252,67,1413.321
Владимирская обл.,2015,650,2658,79,1405.613
Владимирская обл.,2016,510,3073,99,1397.168
Владимирская обл.,2017,528,3542,97,1389.599
Владимирская обл.,2018,494,3832,98,1378.337
Владимирская обл.,2019,457,4272,87,1365.805
Владимирская обл.,2020,321,4445,84,1358.416
Владимирская обл.,2021,332,4696,81,1342.099
Волгоградская обл.,2009,2697,4492,204,2594.41
Волгоградская обл.,2010,2457,4836,258,2614.659
Волгоградская обл.,2011,2482,5410,267,2601.165
Волгоградская обл.,2012,2240,5962,310,2583.002
Волгоградская обл.,2013,2045,6614,355,2569.126
Волгоградская обл.,2014,1938,7214,341,2569.126
Волгоградская обл.,2015,1754,7859,837,2557.397
Волгоградская обл.,2016,1623,8534,984,2545.937
Волгоградская обл.,2017,1612,9368,818,2535.202
Волгоградская обл.,2018,1459,9910,912,2521.276
Волгоградская обл.,2019,1451,10289,953,2507.509
Волгоградская обл.,2020,1038,9802,825,2491.036
Волгоградская обл.,2021,1005,10567,822,2474.556
Вологодская обл.,2009,540,1020,16,1215.949
Вологодская обл.,2010,549,1187,24,1203.673
Вологодская обл.,2011,506,1006,21,1199.868
Вологодская обл.,2012,482,1128,23,1196.196
Вологодская обл.,2013,387,1276,22,1193.371
Вологодская обл.,2014,389,1374,27,1193.371
Вологодская обл.,2015,354,1495,21,1191.01
Вологодская обл.,2016,282,1699,17,1187.685
Вологодская обл.,2017,252,2057,22,1183.86
Вологодская обл.,2018,185,2365,35,1176.689
Вологодская обл.,2019,174,2474,30,1167.713
Вологодская обл.,2020,141,2436,30,1160.445
Вологодская обл.,2021,120,2708,33,1151.042
Воронежская обл.,2009,1438,673,38,2265.829
Воронежская обл.,2010,1278,777,50,2339.549
Воронежская обл.,2011,1180,1033,38,2333.158
Воронежская обл.,2012,1053,955,39,2330.377
Воронежская обл.,2013,855,1129,50,2328.959
Воронежская обл.,2014,768,1343,53,2328.959
Воронежская обл.,2015,733,1827,64,2331.147
Воронежская обл.,2016,665,2425,72,2333.477
Воронежская обл.,2017,639,3199,79,2335.408
Воронежская обл.,2018,568,3758,75,2333.768
Воронежская обл.,2019,515,4115,71,2327.821
Воронежская обл.,2020,346,4412,72,2324.205
Воронежская обл.,2021,338,4358,62,2305.608
Г. Москва,2009,4763,19397,747,10536.005
Г. Москва,2010,4807,20881,812,11510.097
Г. Москва,2011,4736,22229,829,11577.022
Г. Москва,2012,4776,24013,891,11979.529
Г. Москва,2013,3832,25793,828,12108.257
Г. Москва,2014,3413,27545,795,12108.257
Г. Москва,2015,3430,28678,709,12197.596
Г. Москва,2016,3528,30244,635,12330.126
Г. Москва,2017,3356,32325,557,12380.664
Г. Москва,2018,2997,33951,547,12506.468
Г. Москва,2019,2849,34999,365,12615.279
Г. Москва,2020,2245,27189,294,12678.079
Г. Москва,2021,2530,28675,264,12655.05
Г. Санкт-Петербург,2009,2152,20351,519,4591.065
Г. Санкт-Петербург,2010,1976,26785,660,4849.178
Г. Санкт-Петербург,2011,2378,28982,730,4926.281
Г. Санкт-Петербург,2012,2258,29638,855,5028
Г. Санкт-Петербург,2013,2064,29163,931,5131.942
Г. Санкт-Петербург,2014,2090,28516,977,5131.942
Г. Санкт-Петербург,2015,1840,31529,923,5191.69
Г. Санкт-Петербург,2016,1761,33945,917,5225.69
Г. Санкт-Петербург,2017,1554,35728,860,5281.579
Г. Санкт-Петербург,2018,1564,35537,841,5351.935
Г. Санкт-Петербург,2019,1392,35819,684,5383.89
Г. Санкт-Петербург,2020,1331,34572,612,5398.064
Г. Санкт-Петербург,2021,1139,33832,510,5384.342
Г. Севастополь,2014,214,2025,96,373.975
Г. Севастополь,2015,223,2138,104,398.973
Г. Севастополь,2016,223,2215,118,416.263
Г. Севастополь,2017,220,2364,125,428.753
Г. Севастополь,2018,171,2500,109,436.67
Г. Севастополь,2019,160,2559,96,443.212
Г. Севастополь,2020,141,2624,70,449.138
Г. Севастополь,2021,171,2723,75,509.992
Дальневосточный,2009,9568,7551,433,6450.24
Дальневосточный,2010,8979,8153,394,6299.276
Дальневосточный,2011,8109,8728,471,6275.383
Дальневосточный,2012,7660,8905,435,6251.496
Дальневосточный,2013,7206,9747,471,6226.64
Дальневосточный,2014,6410,10741,500,6226.64
Дальневосточный,2015,6334,12091,595,6211.021
Дальневосточный,2016,5860,13986,739,6194.969
Дальневосточный,2017,5321,14825,715,6182.679
Дальневосточный,2018,6081,26439,1146,8222.601
Дальневосточный,2019,5435,27668,1150,8188.623
Дальневосточный,2020,4375,26172,942,8169.203
Дальневосточный,2021,4135,27048,885,8124.053
Еврейская Авт.обл.,2009,314,44,1,185.225
Еврейская Авт.обл.,2010,321,66,4,176.785
Еврейская Авт.обл.,2011,310,118,4,175.358
Еврейская Авт.обл.,2012,302,137,1,172.671
Еврейская Авт.обл.,2013,304,110,7,170.377
Еврейская Авт.обл.,2014,230,135,9,170.377
Еврейская Авт.обл.,2015,209,154,7,168.368
Еврейская Авт.обл.,2016,202,179,7,166.12
Еврейская Авт.обл.,2017,179,195,9,164.217
Еврейская Авт.обл.,2018,169,229,9,162.014
Еврейская Авт.обл.,2019,147,268,8,159.913
Еврейская Авт.обл.,2020,97,276,7,158.305
Еврейская Авт.обл.,2021,109,284,11,156.5
Забайкальский край,2009,1170,2404,167,1117.002
Забайкальский край,2010,1166,2707,104,1106.977
Забайкальский край,2011,1128,2917,190,1102.775
Забайкальский край,2012,967,2885,243,1095.169
Забайкальский край,2013,881,3167,134,1090.344
Забайкальский край,2014,748,3261,220,1090.344
Забайкальский край,2015,752,3553,166,1087.452
Забайкальский край,2016,749,3897,269,1083.012
Забайкальский край,2017,638,4115,299,1078.983
Забайкальский край,2018,573,4461,209,1072.806
Забайкальский край,2019,561,4515,275,1065.785
Забайкальский край,2020,444,4664,211,1059.7
Забайкальский край,2021,408,4562,160,1053.485
Ивановская обл.,2009,631,3488,83,1069.806
Ивановская обл.,2010,533,3800,77,1065.065
Ивановская обл.,2011,552,4443,103,1057.074
Ивановская обл.,2012,526,4881,118,1048.961
Ивановская обл.,2013,494,4296,131,1043.13
Ивановская обл.,2014,442,4465,125,1043.13
Ивановская обл.,2015,435,4865,150,1036.909
Ивановская обл.,2016,439,5311,160,1029.838
Ивановская обл.,2017,342,5629,141,1023.17
Ивановская обл.,2018,312,5948,161,1014.646
Ивановская обл.,2019,306,6429,145,1004.18
Ивановская обл.,2020,222,6738,95,997.135
Ивановская обл.,2021,185,6903,77,987.032
Иркутская обл.,2009,3351,13534,1194,2504.134
Иркутская обл.,2010,3688,16513,1383,2429.757
Иркутская обл.,2011,3700,19727,1635,2426.154
Иркутская обл.,2012,3341,21069,1945,2422.026
Иркутская обл.,2013,3365,20273,2089,2418.348
Иркутская обл.,2014,2954,21339,2217,2418.348
Иркутская обл.,2015,2875,23592,2425,2414.913
Иркутская обл.,2016,2615,27092,2215,2412.8
Иркутская обл.,2017,2324,29548,1652,2408.901
Иркутская обл.,2018,1971,25645,1472,2404.195
Иркутская обл.,2019,1777,27450,1392,2397.763
Иркутская обл.,2020,1454,28642,1192,2391.193
Иркутская обл.,2021,1303,29781,1028,2375.021
Каб.-Балкарская Р.,2009,428,317,2,893.104
Каб.-Балкарская Р.,2010,358,349,11,859.116
Каб.-Балкарская Р.,2011,373,358,25,859.427
Каб.-Балкарская Р.,2012,306,443,22,858.946
Каб.-Балкарская Р.,2013,372,508,25,858.397
Каб.-Балкарская Р.,2014,392,509,20,858.397
Каб.-Балкарская Р.,2015,367,558,72,860.709
Каб.-Балкарская Р.,2016,372,632,81,862.254
Каб.-Балкарская Р.,2017,316,821,51,864.454
Каб.-Балкарская Р.,2018,322,978,66,865.828
Каб.-Балкарская Р.,2019,309,1145,130,866.219
Каб.-Балкарская Р.,2020,221,1176,135,868.35
Каб.-Балкарская Р.,2021,225,1245,132,869.191
Калининградская обл.,2009,941,3997,153,937.637
Калининградская обл.,2010,878,4162,140,941.079
Калининградская обл.,2011,747,4359,137,944.31
Калининградская обл.,2012,670,4563,123,954.773
Калининградская обл.,2013,611,4719,143,963.128
Калининградская обл.,2014,547,4907,129,963.128
Калининградская обл.,2015,492,5105,114,968.944
Калининградская обл.,2016,428,5582,82,976.439
Калининградская обл.,2017,383,5448,104,986.261
Калининградская обл.,2018,357,5057,98,994.599
Калининградская обл.,2019,298,5484,74,1002.187
Калининградская обл.,2020,211,4456,69,1012.512
Калининградская обл.,2021,208,5436,50,1018.624
Калужская обл.,2009,688,1068,8,1002.209
Калужская обл.,2010,651,1180,15,1012.384
Калужская обл.,2011,617,1257,43,1008.71
Калужская обл.,2012,600,1444,35,1005.585
Калужская обл.,2013,609,1581,22,1004.544
Калужская обл.,2014,624,1699,24,1004.544
Калужская обл.,2015,545,1774,33,1010.486
Калужская обл.,2016,407,2029,32,1009.772
Калужская обл.,2017,407,2403,25,1014.57
Калужская обл.,2018,367,1998,33,1012.156
Калужская обл.,2019,344,2221,28,1009.38
Калужская обл.,2020,232,2225,14,1002.575
Калужская обл.,2021,231,2351,16,1000.98
Камчатский край,2009,337,136,1,342.892
Камчатский край,2010,243,156,2,321.678
Камчатский край,2011,283,182,3,320.908
Камчатский край,2012,313,207,6,320.549
Камчатский край,2013,284,245,9,319.864
Камчатский край,2014,268,278,17,319.864
Камчатский край,2015,238,361,10,317.269
Камчатский край,2016,235,455,13,316.116
Камчатский край,2017,221,547,18,314.729
Камчатский край,2018,201,642,16,315.557
Камчатский край,2019,176,753,18,314.723
Камчатский край,2020,135,737,25,313.016
Камчатский край,2021,127,772,27,311.667
Кар.-Черкесская Р.,2009,205,98,6,427.106
Кар.-Черкесская Р.,2010,203,102,5,478.574
Кар.-Черкесская Р.,2011,185,115,2,476.039
Кар.-Черкесская Р.,2012,182,137,4,471.847
Кар.-Черкесская Р.,2013,195,146,5,469.837
Кар.-Черкесская Р.,2014,174,171,14,469.837
Кар.-Черкесская Р.,2015,137,210,10,469.06
Кар.-Черкесская Р.,2016,127,287,13,467.797
Кар.-Черкесская Р.,2017,133,376,13,466.432
Кар.-Черкесская Р.,2018,136,429,20,466.305
Кар.-Черкесская Р.,2019,115,476,16,465.563
Кар.-Черкесская Р.,2020,78,506,17,465.528
Кар.-Черкесская Р.,2021,78,534,15,465.357
Кемеровская обл.,2009,4151,10072,1036,2821.247
Кемеровская обл.,2010,3667,12485,1055,2765.409
Кемеровская обл.,2011,3666,15454,1092,2756.042
Кемеровская обл.,2012,3235,20121,1042,2742.45
Кемеровская обл.,2013,3128,22548,1336,2734.075
Кемеровская обл.,2014,2964,25696,1856,2734.075
Кемеровская обл.,2015,3014,30447,1984,2724.99
Кемеровская обл.,2016,2780,38186,1909,2717.627
Кемеровская обл.,2017,2552,30992,1757,2708.844
Кемеровская обл.,2018,2519,32951,2019,2694.877
Кемеровская обл.,2019,2505,34359,1799,2674.256
Кемеровская обл.,2020,1927,34917,1813,2657.854
Кемеровская обл.,2021,1852,33226,1713,2633.446
Кировская обл.,2009,945,366,9,1396.13
Кировская обл.,2010,867,446,12,1343.851
Кировская обл.,2011,730,1208,16,1333.336
Кировская обл.,2012,811,618,14,1319.076
Кировская обл.,2013,724,736,25,1310.929
Кировская обл.,2014,684,1586,33,1310.929
Кировская обл.,2015,717,1812,45,1304.348
Кировская обл.,2016,587,1842,44,1297.474
Кировская обл.,2017,495,1439,42,1291.684
Кировская обл.,2018,423,1587,52,1283.238
Кировская обл.,2019,406,1755,45,1272.109
Кировская обл.,2020,269,1759,33,1262.402
Кировская обл.,2021,186,1895,25,1250.173
Костромская обл.,2009,365,834,6,690.323
Костромская обл.,2010,291,908,43,668.803
Костромская обл.,2011,238,1757,14,664.078
Костромская обл.,2012,312,1669,24,658.906
Костромская обл.,2013,272,1823,17,656.389
Костромская обл.,2014,219,2025,22,656.389
Костромская обл.,2015,246,2145,22,654.39
Костромская обл.,2016,213,2182,18,651.45
Костромская обл.,2017,200,1914,27,648.157
Костромская обл.,2018,145,2080,27,643.324
Костромская обл.,2019,140,2244,23,637.267
Костромская обл.,2020,81,2275,13,633.385
Костромская обл.,2021,74,2470,21,628.423
Краснодарский край,2009,3443,4829,320,5151.254
Краснодарский край,2010,3623,5419,304,5219.356
Краснодарский край,2011,3412,6535,280,5257.231
Краснодарский край,2012,3352,6778,276,5330.181
Краснодарский край,2013,2953,7393,384,5404.273
Краснодарский край,2014,2659,8388,373,5404.273
Краснодарский край,2015,2443,9844,421,5453.329
Краснодарский край,2016,2135,12268,440,5513.804
Краснодарский край,2017,1981,13968,550,5570.945
Краснодарский край,2018,1926,15094,574,5603.42
Краснодарский край,2019,1928,14817,604,5648.235
Краснодарский край,2020,1488,15818,668,5675.462
Краснодарский край,2021,1487,17958,515,5683.947
Красноярский край,2009,3008,6801,260,2891.855
Красноярский край,2010,2822,7599,280,2827.815
Красноярский край,2011,2818,8574,472,2833.75
Красноярский край,2012,2705,9687,413,2846.475
Красноярский край,2013,2687,11040,633,2852.81
Красноярский край,2014,2614,12761,609,2852.81
Красноярский край,2015,2534,14609,836,2858.773
Красноярский край,2016,2356,18086,1118,2866.49
Красноярский край,2017,2003,18189,964,2875.301
Красноярский край,2018,1898,19538,1055,2876.497
Красноярский край,2019,1811,19671,950,2874.026
Красноярский край,2020,1327,21020,804,2866.255
Красноярский край,2021,1313,22013,799,2855.899
Курганская обл.,2009,1279,2092,105,950.12
Курганская обл.,2010,1305,2307,145,912.356
Курганская обл.,2011,1200,2745,164,902.538
Курганская обл.,2012,1119,3129,205,885.759
Курганская обл.,2013,837,3256,208,877.149
Курганская обл.,2014,779,3606,303,877.149
Курганская обл.,2015,981,4062,328,869.814
Курганская обл.,2016,837,4509,348,861.896
Курганская обл.,2017,730,5094,402,854.109
Курганская обл.,2018,801,5586,387,845.537
Курганская обл.,2019,585,5934,322,834.701
Курганская обл.,2020,472,6162,217,827.166
Курганская обл.,2021,432,6352,279,818.57
Курская обл.,2009,911,468,9,1152.014
Курская обл.,2010,720,556,18,1128.329
Курская обл.,2011,682,660,31,1123.605
Курская обл.,2012,597,639,15,1119.262
Курская обл.,2013,581,723,9,1118.915
Курская обл.,2014,584,870,14,1118.915
Курская обл.,2015,507,1074,24,1117.378
Курская обл.,2016,452,1105,36,1120.019
Курская обл.,2017,446,1343,38,1122.893
Курская обл.,2018,354,1586,40,1115.237
Курская обл.,2019,329,1765,35,1107.041
Курская обл.,2020,248,1781,32,1104.008
Курская обл.,2021,202,1820,19,1096.488
Ленинградская обл.,2009,1430,7756,294,1630.744
Ленинградская обл.,2010,1182,9076,345,1714.974
Ленинградская обл.,2011,1152,10279,394,1726.244
Ленинградская обл.,2012,1114,10812,464,1751.135
Ленинградская обл.,2013,995,11903,517,1763.924
Ленинградская обл.,2014,942,12228,518,1763.924
Ленинградская обл.,2015,869,13037,529,1775.54
Ленинградская обл.,2016,807,12964,523,1778.857
Ленинградская обл.,2017,671,13159,495,1791.916
Ленинградская обл.,2018,546,13879,411,1813.816
Ленинградская обл.,2019,496,12836,342,1847.867
Ленинградская обл.,2020,408,12899,292,1875.872
Ленинградская обл.,2021,388,13426,257,1892.711
Липецкая обл.,2009,724,402,12,1160.6
Липецкая обл.,2010,680,460,10,1174.093
Липецкая обл.,2011,597,822,10,1168.971
Липецкая обл.,2012,557,569,14,1162.235
Липецкая обл.,2013,541,1187,21,1159.866
Липецкая обл.,2014,508,1657,21,1159.866
Липецкая обл.,2015,468,2271,33,1157.865
Липецкая обл.,2016,379,2224,54,1156.093
Липецкая обл.,2017,403,1808,36,1156.221
Липецкая обл.,2018,345,2003,63,1150.201
Липецкая обл.,2019,315,2157,47,1144.035
Липецкая обл.,2020,195,2267,32,1139.371
Липецкая обл.,2021,163,2331,29,1128.192
Магаданская обл.,2009,141,80,3,162.109
Магаданская обл.,2010,114,86,0,157.561
Магаданская обл.,2011,118,110,1,155.51
Магаданская обл.,2012,111,149,0,152.358
Магаданская обл.,2013,105,216,1,150.312
Магаданская обл.,2014,94,280,0,150.312
Магаданская обл.,2015,109,329,6,148.071
Магаданская обл.,2016,82,393,10,146.345
Магаданская обл.,2017,70,396,9,145.57
Магаданская обл.,2018,57,440,9,144.091
Магаданская обл.,2019,54,457,8,141.234
Магаданская обл.,2020,40,486,6,140.149
Магаданская обл.,2021,43,514,9,139.034
Московская обл.,2009,3640,24897,716,6732.654
Московская обл.,2010,3412,26478,875,7081.689
Московская обл.,2011,3317,27587,1026,7152.45
Московская обл.,2012,3021,29141,1106,7048.084
Московская обл.,2013,2623,29708,1109,7133.62
Московская обл.,2014,2680,30703,1143,7133.62
Московская обл.,2015,2638,31514,1177,7231.068
Московская обл.,2016,2335,34303,1032,7318.647
Московская обл.,2017,2051,36425,733,7423.47
Московская обл.,2018,2066,38372,798,7503.385
Московская обл.,2019,1880,37509,543,7599.647
Московская обл.,2020,1523,39544,381,7690.863
Московская обл.,2021,1496,41630,315,7708.499
Мурманская обл.,2009,455,2011,31,839.562
Мурманская обл.,2010,393,2155,44,798.238
Мурманская обл.,2011,356,3617,55,791.012
Мурманская обл.,2012,280,2523,46,780.401
Мурманская обл.,2013,270,2601,45,771.058
Мурманская обл.,2014,317,2987,63,771.058
Мурманская обл.,2015,294,3178,76,766.281
Мурманская обл.,2016,285,3366,95,762.173
Мурманская обл.,2017,181,3689,75,757.621
Мурманская обл.,2018,168,4020,79,753.557
Мурманская обл.,2019,154,3822,88,748.056
Мурманская обл.,2020,139,3956,56,741.404
Мурманская обл.,2021,127,3693,40,732.864
Ненецкий АО,2009,18,19,0,42.158
Ненецкий АО,2010,22,22,0,42.608
Ненецкий АО,2011,19,24,0,42.271
Ненецкий АО,2012,18,24,0,42.789
Ненецкий АО,2013,36,31,0,43.025
Ненецкий АО,2014,42,37,0,43.025
Ненецкий АО,2015,22,41,0,43.373
Ненецкий АО,2016,9,53,0,43.838
Ненецкий АО,2017,14,55,0,43.937
Ненецкий АО,2018,5,62,0,43.997
Ненецкий АО,2019,2,64,0,43.829
Ненецкий АО,2020,6,69,1,44.111
Ненецкий АО,2021,6,81,0,44.389
НижеГ.ская обл.,2009,2613,5353,155,3332.142
НижеГ.ская обл.,2010,2345,6470,252,3317.231
НижеГ.ская обл.,2011,1930,7407,218,3302.298
НижеГ.ская обл.,2012,1723,8309,250,3289.841
НижеГ.ская обл.,2013,1555,8368,301,3281.496
НижеГ.ская обл.,2014,1566,10493,330,3281.496
НижеГ.ская обл.,2015,1370,13801,404,3270.203
НижеГ.ская обл.,2016,1262,15846,485,3260.267
НижеГ.ская обл.,2017,1183,14063,566,3247.713
НижеГ.ская обл.,2018,1033,15789,623,3234.752
НижеГ.ская обл.,2019,933,17069,478,3214.623
НижеГ.ская обл.,2020,699,16628,397,3202.946
НижеГ.ская обл.,2021,711,17181,385,3176.552
НовГ.ская обл.,2009,432,870,13,643.3
НовГ.ская обл.,2010,390,949,34,635.791
НовГ.ская обл.,2011,375,1515,39,631.274
НовГ.ская обл.,2012,354,1974,55,625.855
НовГ.ская обл.,2013,350,2131,61,622.43
НовГ.ская обл.,2014,328,2285,41,622.43
НовГ.ская обл.,2015,307,2519,70,618.703
НовГ.ская обл.,2016,284,2568,72,615.692
НовГ.ская обл.,2017,263,2733,84,612.522
НовГ.ская обл.,2018,220,2478,76,606.476
НовГ.ская обл.,2019,183,2469,72,600.296
НовГ.ская обл.,2020,153,2602,57,596.508
НовГ.ская обл.,2021,118,2690,34,592.415
Новосибирская обл.,2009,6942,6403,208,2644.864
Новосибирская обл.,2010,6656,9294,319,2662.395
Новосибирская обл.,2011,6425,10227,434,2676.664
Новосибирская обл.,2012,6365,8233,585,2709.461
Новосибирская обл.,2013,6086,10719,811,2731.176
Новосибирская обл.,2014,5983,13334,1048,2731.176
Новосибирская обл.,2015,5961,16807,1316,2746.822
Новосибирская обл.,2016,5903,20179,1403,2762.237
Новосибирская обл.,2017,5660,24253,1426,2779.555
Новосибирская обл.,2018,5533,23121,1543,2788.849
Новосибирская обл.,2019,5022,24031,1548,2793.384
Новосибирская обл.,2020,4418,25240,1518,2798.17
Новосибирская обл.,2021,3839,26935,1413,2785.836
Новосибирская обл.,2022,3603,,1224,
Новосибирская обл.,2023,2915,,1038,
Омская обл.,2009,2638,1797,98,2013.113
Омская обл.,2010,2319,2403,132,1978.309
Омская обл.,2011,1943,3852,143,1975.69
Омская обл.,2012,1858,3347,168,1973.985
Омская обл.,2013,1765,4405,253,1973.876
Омская обл.,2014,1700,5817,319,1973.876
Омская обл.,2015,1630,7156,420,1978.183
Омская обл.,2016,1660,8304,513,1978.466
Омская обл.,2017,1501,9732,537,1972.682
Омская обл.,2018,1386,10726,692,1960.081
Омская обл.,2019,1298,11963,572,1944.195
Омская обл.,2020,1007,12661,464,1926.665
Омская обл.,2021,922,13228,534,1903.675
Оренбургская обл.,2009,2237,9753,645,2112.22
Оренбургская обл.,2010,2030,10193,701,2033.452
Оренбургская обл.,2011,1952,12791,692,2027.581
Оренбургская обл.,2012,1778,13493,884,2016.086
Оренбургская обл.,2013,1798,12240,890,2008.566
Оренбургская обл.,2014,1614,14294,788,2008.566
Оренбургская обл.,2015,1574,15365,909,2001.11
Оренбургская обл.,2016,1494,15978,968,1994.762
Оренбургская обл.,2017,1295,16412,928,1989.589
Оренбургская обл.,2018,1232,16622,957,1977.72
Оренбургская обл.,2019,1119,18452,966,1963.007
Оренбургская обл.,2020,942,17642,961,1956.835
Оренбургская обл.,2021,881,18415,899,1942.915
Орловская обл.,2009,458,976,14,814.709
Орловская обл.,2010,391,1051,12,788.698
Орловская обл.,2011,347,1276,13,783.437
Орловская обл.,2012,321,1239,32,775.826
Орловская обл.,2013,293,1313,31,769.98
Орловская обл.,2014,279,1433,35,769.98
Орловская обл.,2015,231,1650,41,765.231
Орловская обл.,2016,203,1906,35,759.721
Орловская обл.,2017,196,1971,33,754.816
Орловская обл.,2018,183,2138,29,747.247
Орловская обл.,2019,156,2271,27,739.467
Орловская обл.,2020,142,2338,26,733.498
Орловская обл.,2021,141,2396,15,724.686
Пензенская обл.,2009,1053,994,46,1376.538
Пензенская обл.,2010,918,1138,56,1388.547
Пензенская обл.,2011,761,1434,83,1380.272
Пензенская обл.,2012,720,1340,54,1368.657
Пензенская обл.,2013,677,1516,70,1360.587
Пензенская обл.,2014,550,2186,99,1360.587
Пензенская обл.,2015,525,2721,108,1355.618
Пензенская обл.,2016,472,2933,161,1348.703
Пензенская обл.,2017,394,3127,121,1341.526
Пензенская обл.,2018,371,3535,135,1331.655
Пензенская обл.,2019,351,3877,115,1318.103
Пензенская обл.,2020,235,3140,84,1305.563
Пензенская обл.,2021,233,4093,88,1290.898
Пермский край,2009,2757,8464,398,2704.797
Пермский край,2010,2754,10269,556,2637.57
Пермский край,2011,2340,12008,572,2632.312
Пермский край,2012,2149,13239,606,2634.461
Пермский край,2013,2114,14968,711,2636.154
Пермский край,2014,2029,16964,788,2636.154
Пермский край,2015,2229,18802,1027,2637.032
Пермский край,2016,2034,22392,1067,2634.409
Пермский край,2017,1953,22083,1317,2632.097
Пермский край,2018,1811,25231,1424,2623.122
Пермский край,2019,1669,28242,1389,2610.8
Пермский край,2020,1301,21558,1240,2599.26
Пермский край,2021,1235,24558,1167,2579.261
Приморский край,2009,4142,5295,352,1984.989
Приморский край,2010,3974,5525,296,1959.394
Приморский край,2011,3362,5620,376,1952.014
Приморский край,2012,3180,5437,335,1947.263
Приморский край,2013,2884,5929,350,1938.516
Приморский край,2014,2592,6431,352,1938.516
Приморский край,2015,2653,7129,421,1933.308
Приморский край,2016,2468,8114,519,1929.008
Приморский край,2017,2171,8526,492,1923.116
Приморский край,2018,2095,8710,492,1913.037
Приморский край,2019,1777,9069,436,1902.718
Приморский край,2020,1419,7824,357,1895.868
Приморский край,2021,1283,8443,327,1877.844
Псковская обл.,2009,604,397,15,692.478
Псковская обл.,2010,567,469,21,675.984
Псковская обл.,2011,483,748,23,669.098
Псковская обл.,2012,448,575,26,661.507
Псковская обл.,2013,449,641,24,656.561
Псковская обл.,2014,446,718,16,656.561
Псковская обл.,2015,354,867,39,651.108
Псковская обл.,2016,290,847,40,646.374
Псковская обл.,2017,245,1072,29,642.164
Псковская обл.,2018,236,1010,37,636.546
Псковская обл.,2019,182,1118,32,629.651
Псковская обл.,2020,154,1179,25,626.115
Псковская обл.,2021,148,1239,33,620.249
Р. Адыгея,2009,359,272,8,442.971
Р. Адыгея,2010,318,291,20,440.34
Р. Адыгея,2011,311,363,12,441.193
Р. Адыгея,2012,293,365,16,444.403
Р. Адыгея,2013,270,424,16,446.406
Р. Адыгея,2014,266,471,19,446.406
Р. Адыгея,2015,221,524,24,449.171
Р. Адыгея,2016,217,605,28,451.48
Р. Адыгея,2017,178,656,28,453.366
Р. Адыгея,2018,151,686,26,453.376
Р. Адыгея,2019,152,726,36,454.744
Р. Адыгея,2020,102,742,36,463.088
Р. Адыгея,2021,113,765,43,463.167
Р. Алтай,2009,253,142,4,209.966
Р. Алтай,2010,221,170,6,205.641
Р. Алтай,2011,218,188,7,207.478
Р. Алтай,2012,188,198,13,210.344
Р. Алтай,2013,160,262,17,211.645
Р. Алтай,2014,148,295,19,211.645
Р. Алтай,2015,155,372,25,213.703
Р. Алтай,2016,138,427,19,215.161
Р. Алтай,2017,135,566,33,217.007
Р. Алтай,2018,123,614,39,218.063
Р. Алтай,2019,91,691,31,218.866
Р. Алтай,2020,73,735,42,220.181
Р. Алтай,2021,75,777,30,220.954
Р. Башкортостан,2009,1940,6962,192,4061.642
Р. Башкортостан,2010,1910,7932,193,4070.296
Р. Башкортостан,2011,1897,9564,260,4068.165
Р. Башкортостан,2012,1873,11437,327,4060.957
Р. Башкортостан,2013,1819,11073,382,4069.698
Р. Башкортостан,2014,1772,12928,464,4069.698
Р. Башкортостан,2015,1730,14481,557,4071.987
Р. Башкортостан,2016,1706,16882,631,4071.064
Р. Башкортостан,2017,1665,18138,733,4066.972
Р. Башкортостан,2018,1615,19521,766,4063.293
Р. Башкортостан,2019,1774,20538,897,4051.005
Р. Башкортостан,2020,1511,20350,864,4038.151
Р. Башкортостан,2021,1396,20991,850,4013.786
Р. Бурятия,2009,1617,2868,173,962.117
Р. Бурятия,2010,1395,3141,173,971.72
Р. Бурятия,2011,1232,3438,167,971.465
Р. Бурятия,2012,1124,3781,130,971.81
Р. Бурятия,2013,957,4177,147,973.86
Р. Бурятия,2014,909,4571,167,973.86
Р. Бурятия,2015,866,4959,154,978.495
Р. Бурятия,2016,768,5268,181,982.284
Р. Бурятия,2017,651,5651,175,984.134
Р. Бурятия,2018,484,6077,190,984.511
Р. Бурятия,2019,420,6232,174,983.273
Р. Бурятия,2020,367,6198,138,985.937
Р. Бурятия,2021,380,6204,125,985.431
Р. Дагестан,2009,1485,855,136,2724.496
Р. Дагестан,2010,1394,1002,43,2968.874
Р. Дагестан,2011,1235,1118,41,2922.326
Р. Дагестан,2012,1195,1259,29,2946.035
Р. Дагестан,2013,1087,1237,32,2963.918
Р. Дагестан,2014,1038,1378,44,2963.918
Р. Дагестан,2015,962,1461,65,2990.371
Р. Дагестан,2016,911,1539,80,3015.66
Р. Дагестан,2017,832,1644,62,3041.9
Р. Дагестан,2018,776,1771,60,3063.885
Р. Дагестан,2019,740,1879,52,3086.126
Р. Дагестан,2020,702,1988,60,3110.858
Р. Дагестан,2021,711,2192,57,3133.303
Р. Ингушетия,2009,202,475,35,512.392
Р. Ингушетия,2010,234,493,33,409.468
Р. Ингушетия,2011,254,508,41,422.51
Р. Ингушетия,2012,259,541,47,442.255
Р. Ингушетия,2013,223,559,50,453.01
Р. Ингушетия,2014,234,600,30,453.01
Р. Ингушетия,2015,250,661,60,463.893
Р. Ингушетия,2016,248,635,50,472.776
Р. Ингушетия,2017,248,673,52,480.474
Р. Ингушетия,2018,234,681,48,488.043
Р. Ингушетия,2019,212,704,25,497.393
Р. Ингушетия,2020,193,698,25,507.061
Р. Ингушетия,2021,173,616,14,515.564
Р. Калмыкия,2009,315,117,2,283.584
Р. Калмыкия,2010,288,119,4,289.366
Р. Калмыкия,2011,254,174,9,287.796
Р. Калмыкия,2012,274,184,8,284.14
Р. Калмыкия,2013,237,186,7,282.021
Р. Калмыкия,2014,219,205,6,282.021
Р. Калмыкия,2015,190,215,8,280.564
Р. Калмыкия,2016,182,173,9,278.733
Р. Калмыкия,2017,159,182,9,277.803
Р. Калмыкия,2018,137,193,11,275.413
Р. Калмыкия,2019,151,204,8,272.647
Р. Калмыкия,2020,121,207,7,271.135
Р. Калмыкия,2021,139,215,8,269.984
Р. Карелия,2009,429,421,8,685.856
Р. Карелия,2010,438,465,17,646.084
Р. Карелия,2011,380,510,19,641.131
Р. Карелия,2012,335,640,18,636.932
Р. Карелия,2013,289,710,28,634.402
Р. Карелия,2014,291,874,19,634.402
Р. Карелия,2015,249,1014,25,632.533
Р. Карелия,2016,223,1182,31,629.875
Р. Карелия,2017,189,1370,31,627.083
Р. Карелия,2018,131,1574,31,622.484
Р. Карелия,2019,136,1562,15,618.056
Р. Карелия,2020,97,1841,15,614.064
Р. Карелия,2021,108,1690,18,609.071
Р. Коми,2009,820,631,19,954.849
Р. Коми,2010,709,736,25,904.069
Р. Коми,2011,649,1698,24,894.526
Р. Коми,2012,657,949,31,880.639
Р. Коми,2013,605,1032,34,872.057
Р. Коми,2014,518,1292,47,872.057
Р. Коми,2015,488,1628,56,864.424
Р. Коми,2016,440,1981,63,856.831
Р. Коми,2017,353,2196,66,850.554
Р. Коми,2018,358,2433,67,840.873
Р. Коми,2019,287,2591,75,830.235
Р. Коми,2020,235,2557,56,820.473
Р. Коми,2021,225,2910,55,813.59
Р. Крым,2014,1446,9178,422,1873.031
Р. Крым,2015,1410,9571,449,1895.915
Р. Крым,2016,1283,10233,546,1907.106
Р. Крым,2017,1186,11044,506,1912.168
Р. Крым,2018,1053,11841,516,1913.731
Р. Крым,2019,1028,12453,480,1911.818
Р. Крым,2020,762,10135,397,1912.622
Р. Крым,2021,684,12434,363,1901.578
Р. Марий Эл,2009,635,521,40,699.147
Р. Марий Эл,2010,581,579,32,697.056
Р. Марий Эл,2011,535,687,28,693.958
Р. Марий Эл,2012,509,811,28,690.349
Р. Марий Эл,2013,440,770,36,688.686
Р. Марий Эл,2014,430,849,33,688.686
Р. Марий Эл,2015,362,948,35,687.435
Р. Марий Эл,2016,356,1108,38,685.865
Р. Марий Эл,2017,375,1334,41,684.684
Р. Марий Эл,2018,331,1501,53,682.333
Р. Марий Эл,2019,291,1708,29,680.38
Р. Марий Эл,2020,186,1776,23,679.417
Р. Марий Эл,2021,184,1880,21,675.332
Р. Мордовия,2009,668,656,23,829.778
Р. Мордовия,2010,539,715,24,836.97
Р. Мордовия,2011,508,776,24,829.359
Р. Мордовия,2012,401,830,31,818.566
Р. Мордовия,2013,419,854,29,812.156
Р. Мордовия,2014,424,911,34,812.156
Р. Мордовия,2015,406,984,38,808.888
Р. Мордовия,2016,383,1115,43,807.453
Р. Мордовия,2017,387,1230,69,808.541
Р. Мордовия,2018,321,1334,68,805.056
Р. Мордовия,2019,256,1419,41,795.504
Р. Мордовия,2020,157,1408,24,790.197
Р. Мордовия,2021,161,1462,27,778.965
Р. Саха (Якутия),2009,780,507,19,949.55
Р. Саха (Якутия),2010,760,559,11,958.23
Р. Саха (Якутия),2011,802,600,13,957.058
Р. Саха (Якутия),2012,779,629,14,955.58
Р. Саха (Якутия),2013,754,665,12,954.803
Р. Саха (Якутия),2014,674,724,8,954.803
Р. Саха (Якутия),2015,668,778,16,956.896
Р. Саха (Якутия),2016,568,856,22,959.689
Р. Саха (Якутия),2017,560,872,27,962.835
Р. Саха (Якутия),2018,524,925,19,964.33
Р. Саха (Якутия),2019,487,1018,25,967.009
Р. Саха (Якутия),2020,305,996,16,971.996
Р. Саха (Якутия),2021,297,1041,18,981.971
Р. Северная Осетия-Алания,2009,459,498,56,701.332
Р. Северная Осетия-Алания,2010,405,534,34,712.672
Р. Северная Осетия-Алания,2011,383,537,68,710.757
Р. Северная Осетия-Алания,2012,373,585,32,706.123
Р. Северная Осетия-Алания,2013,363,668,37,703.977
Р. Северная Осетия-Алания,2014,350,717,30,703.977
Р. Северная Осетия-Алания,2015,303,816,16,705.27
Р. Северная Осетия-Алания,2016,306,952,42,703.745
Р. Северная Осетия-Алания,2017,278,993,40,703.262
Р. Северная Осетия-Алания,2018,258,966,42,701.765
Р. Северная Осетия-Алания,2019,242,1049,22,699.253
Р. Северная Осетия-Алания,2020,238,1102,25,696.837
Р. Северная Осетия-Алания,2021,222,1183,21,693.098
Р. Татарстан,2009,2203,7663,192,3773.542
Р. Татарстан,2010,2020,8094,208,3785.47
Р. Татарстан,2011,1898,8666,252,3795.337
Р. Татарстан,2012,1816,9458,311,3822.038
Р. Татарстан,2013,1596,10479,375,3838.23
Р. Татарстан,2014,1629,11060,357,3838.23
Р. Татарстан,2015,1524,11757,377,3855.037
Р. Татарстан,2016,1427,12749,438,3868.73
Р. Татарстан,2017,1300,13779,436,3885.253
Р. Татарстан,2018,1154,14086,489,3894.284
Р. Татарстан,2019,1124,14543,445,3898.628
Р. Татарстан,2020,912,14777,337,3902.888
Р. Татарстан,2021,912,15777,293,3894.12
Р. Тыва,2009,720,38,4,315.498
Р. Тыва,2010,740,56,4,306.688
Р. Тыва,2011,712,66,0,308.74
Р. Тыва,2012,636,64,3,310.46
Р. Тыва,2013,579,78,4,311.761
Р. Тыва,2014,530,88,3,311.761
Р. Тыва,2015,507,105,3,313.777
Р. Тыва,2016,561,116,2,315.637
Р. Тыва,2017,534,136,3,318.55
Р. Тыва,2018,447,163,2,321.722
Р. Тыва,2019,387,187,4,324.423
Р. Тыва,2020,282,211,6,327.383
Р. Тыва,2021,405,218,10,330.368
Р. Хакасия,2009,634,275,12,538.603
Р. Хакасия,2010,528,308,21,532.133
Р. Хакасия,2011,527,391,22,532.21
Р. Хакасия,2012,515,523,28,533.025
Р. Хакасия,2013,372,646,30,534.079
Р. Хакасия,2014,330,734,28,534.079
Р. Хакасия,2015,321,950,38,535.796
Р. Хакасия,2016,286,1523,52,536.781
Р. Хакасия,2017,275,1739,49,537.668
Р. Хакасия,2018,240,1314,66,537.513
Р. Хакасия,2019,241,1552,70,536.167
Р. Хакасия,2020,184,1687,69,534.262
Р. Хакасия,2021,210,1836,67,532.036
Ростовская обл.,2009,3044,3290,367,4235.663
Ростовская обл.,2010,3020,3573,409,4283.944
Ростовская обл.,2011,2793,3803,427,4267.933
Ростовская обл.,2012,2542,4150,360,4254.613
Ростовская обл.,2013,2235,4520,273,4245.532
Ростовская обл.,2014,1981,4859,302,4245.532
Ростовская обл.,2015,1940,5781,411,4242.08
Ростовская обл.,2016,1691,7147,499,4236
Ростовская обл.,2017,1712,8576,495,4231.355
Ростовская обл.,2018,1476,9307,348,4220.452
Ростовская обл.,2019,1297,10025,360,4202.32
Ростовская обл.,2020,1060,9308,422,4197.821
Ростовская обл.,2021,1049,8744,403,4181.486
Рязанская обл.,2009,903,1741,61,1154.59
Рязанская обл.,2010,803,1865,66,1156.413
Рязанская обл.,2011,761,1932,69,1150.147
Рязанская обл.,2012,636,2010,57,1144.65
Рязанская обл.,2013,613,2143,67,1140.844
Рязанская обл.,2014,527,2286,77,1140.844
Рязанская обл.,2015,514,2410,88,1135.438
Рязанская обл.,2016,389,2624,75,1130.103
Рязанская обл.,2017,293,2768,65,1126.739
Рязанская обл.,2018,232,2961,65,1121.474
Рязанская обл.,2019,184,3113,61,1114.137
Рязанская обл.,2020,132,3177,37,1108.847
Рязанская обл.,2021,118,3293,34,1098.257
Самарская обл.,2009,2754,19608,652,3170.793
Самарская обл.,2010,2490,20856,665,3217.361
Самарская обл.,2011,2525,22100,731,3214.688
Самарская обл.,2012,2689,23525,912,3213.289
Самарская обл.,2013,3072,25351,1043,3211.187
Самарская обл.,2014,2806,27063,1319,3211.187
Самарская обл.,2015,2480,28979,1553,3212.676
Самарская обл.,2016,2471,36394,1625,3205.975
Самарская обл.,2017,2118,38461,1681,3203.679
Самарская обл.,2018,1750,39014,1728,3193.514
Самарская обл.,2019,1647,39633,1524,3183.038
Самарская обл.,2020,1358,38300,1324,3179.532
Самарская обл.,2021,1263,38561,1134,3154.164
Саратовская обл.,2009,1926,6306,310,2568.851
Саратовская обл.,2010,1768,6750,335,2525.299
Саратовская обл.,2011,1645,8101,376,2514.018
Саратовская обл.,2012,1542,8299,295,2503.305
Саратовская обл.,2013,1476,9642,301,2496.552
Саратовская обл.,2014,1413,10404,310,2496.552
Саратовская обл.,2015,1292,10750,340,2493.024
Саратовская обл.,2016,1178,11000,392,2487.529
Саратовская обл.,2017,1001,11581,366,2479.26
Саратовская обл.,2018,951,11340,396,2462.95
Саратовская обл.,2019,765,11475,358,2440.815
Саратовская обл.,2020,599,11201,275,2421.895
Саратовская обл.,2021,522,11371,277,2395.111
Сахалинская обл.,2009,553,249,10,512.677
Сахалинская обл.,2010,498,284,17,498.93
Сахалинская обл.,2011,482,323,16,496.071
Сахалинская обл.,2012,393,366,13,493.302
Сахалинская обл.,2013,390,426,21,491.027
Сахалинская обл.,2014,372,514,29,491.027
Сахалинская обл.,2015,320,642,37,488.391
Сахалинская обл.,2016,306,816,49,487.293
Сахалинская обл.,2017,270,1041,46,487.344
Сахалинская обл.,2018,259,1258,57,490.181
Сахалинская обл.,2019,243,1427,45,489.638
Сахалинская обл.,2020,253,1495,48,488.257
Сахалинская обл.,2021,233,1484,62,485.621
Свердловская обл.,2009,11347,36039,1545,4394.223
Свердловская обл.,2010,11334,39639,1600,4297.536
Свердловская обл.,2011,10762,42075,1819,4302.41
Свердловская обл.,2012,10320,42782,2248,4315.83
Свердловская обл.,2013,9788,42886,2467,4320.677
Свердловская обл.,2014,9434,44604,2702,4320.677
Свердловская обл.,2015,8870,50867,2915,4327.472
Свердловская обл.,2016,8436,55822,3117,4330.006
Свердловская обл.,2017,7863,59437,3191,4329.341
Свердловская обл.,2018,7746,56222,3235,4325.256
Свердловская обл.,2019,6939,66807,3000,4315.699
Свердловская обл.,2020,6133,60026,2765,4310.681
Свердловская обл.,2021,5354,60212,2358,4290.067
Свердловская обл.,2022,4962,61063,2289,
Свердловская обл.,2023,4321,62163,1861,
Смоленская обл.,2009,923,612,19,970.063
Смоленская обл.,2010,859,712,26,987.757
Смоленская обл.,2011,809,791,20,981.685
Смоленская обл.,2012,731,880,31,975.188
Смоленская обл.,2013,696,1042,38,967.896
Смоленская обл.,2014,622,1211,54,967.896
Смоленская обл.,2015,592,1326,72,964.791
Смоленская обл.,2016,557,1465,66,958.63
Смоленская обл.,2017,461,1575,56,953.201
Смоленская обл.,2018,377,1608,64,949.348
Смоленская обл.,2019,368,1741,51,942.363
Смоленская обл.,2020,293,1592,49,934.889
Смоленская обл.,2021,223,1902,53,921.127
Ставропольский край,2009,1922,444,37,2709.244
Ставропольский край,2010,1698,474,34,2784.192
Ставропольский край,2011,1625,707,38,2786.277
Ставропольский край,2012,1446,656,46,2790.785
Ставропольский край,2013,1377,797,49,2794.508
Ставропольский край,2014,1143,1008,81,2794.508
Ставропольский край,2015,1042,1442,96,2799.473
Ставропольский край,2016,949,1906,146,2801.597
Ставропольский край,2017,915,2491,166,2804.383
Ставропольский край,2018,863,3170,225,2800.674
Ставропольский край,2019,832,3751,361,2795.243
Ставропольский край,2020,543,3789,290,2803.573
Ставропольский край,2021,606,3957,257,2792.796
Ставропольский край,2022,,,,2792.797
Ставропольский край,2023,,,,2792.798
Тамбовская обл.,2009,759,596,24,1092.658
Тамбовская обл.,2010,738,653,29,1094.955
Тамбовская обл.,2011,653,1113,30,1086.122
Тамбовская обл.,2012,560,810,38,1075.748
Тамбовская обл.,2013,470,856,40,1068.934
Тамбовская обл.,2014,446,938,62,1068.934
Тамбовская обл.,2015,428,1021,69,1062.421
Тамбовская обл.,2016,364,1105,67,1050.295
Тамбовская обл.,2017,360,1286,60,1040.327
Тамбовская обл.,2018,304,1465,51,1033.552
Тамбовская обл.,2019,271,1639,46,1015.966
Тамбовская обл.,2020,161,1698,24,1006.748
Тамбовская обл.,2021,180,1772,24,994.42
Тверская обл.,2009,1019,5078,145,1364.835
Тверская обл.,2010,927,5407,170,1356.663
Тверская обл.,2011,845,5888,162,1346.143
Тверская обл.,2012,820,6530,203,1334.061
Тверская обл.,2013,758,5786,226,1325.249
Тверская обл.,2014,801,7367,246,1325.249
Тверская обл.,2015,776,8487,246,1315.071
Тверская обл.,2016,701,8836,234,1304.744
Тверская обл.,2017,584,7443,255,1296.799
Тверская обл.,2018,491,7803,245,1283.873
Тверская обл.,2019,426,8334,203,1269.636
Тверская обл.,2020,349,8977,184,1260.379
Тверская обл.,2021,325,6532,160,1245.619
Томская обл.,2009,949,1060,19,1041.134
Томская обл.,2010,839,1138,22,1043.984
Томская обл.,2011,790,1243,23,1053.143
Томская обл.,2012,663,1354,30,1064.245
Томская обл.,2013,717,1914,77,1070.128
Томская обл.,2014,707,3754,135,1070.128
Томская обл.,2015,737,5327,213,1074.453
Томская обл.,2016,685,6551,234,1076.762
Томская обл.,2017,703,7621,282,1078.891
Томская обл.,2018,647,7273,371,1078.28
Томская обл.,2019,606,7532,404,1077.442
Томская обл.,2020,452,7557,288,1079.271
Томская обл.,2021,399,8447,280,1070.339
Тульская обл.,2009,1399,3273,141,1546.765
Тульская обл.,2010,1077,3515,169,1557.711
Тульская обл.,2011,1011,3938,172,1547.438
Тульская обл.,2012,940,3581,179,1532.436
Тульская обл.,2013,819,3738,189,1521.497
Тульская обл.,2014,789,3988,187,1521.497
Тульская обл.,2015,878,4491,190,1513.57
Тульская обл.,2016,813,4861,192,1506.446
Тульская обл.,2017,658,5211,193,1499.417
Тульская обл.,2018,697,5459,199,1491.855
Тульская обл.,2019,538,5911,177,1478.818
Тульская обл.,2020,420,5583,108,1466.127
Тульская обл.,2021,361,5589,97,1449.115
Тюменская обл.,2009,1494,18360,803,3414.617
Тюменская обл.,2010,1434,19109,966,3388.025
Тюменская обл.,2011,1305,21897,1007,3432.352
Тюменская обл.,2012,1248,7725,534,1385.008
Тюменская обл.,2013,1164,8868,554,1409.426
Тюменская обл.,2014,1156,8706,592,1409.426
Тюменская обл.,2015,1154,9603,667,1429.232
Тюменская обл.,2016,1152,10955,740,1454.626
Тюменская обл.,2017,1070,12730,719,1477.903
Тюменская обл.,2018,1033,13879,819,1498.779
Тюменская обл.,2019,974,15003,766,1518.695
Тюменская обл.,2020,789,14594,583,1537.416
Тюменская обл.,2021,759,16513,484,1543.389
Удмуртская Р.,2009,1097,3446,95,1527.396
Удмуртская Р.,2010,990,3866,125,1523.245
Удмуртская Р.,2011,1030,4271,165,1519.24
Удмуртская Р.,2012,914,3460,152,1517.692
Удмуртская Р.,2013,875,3708,154,1517.05
Удмуртская Р.,2014,858,5895,186,1517.05
Удмуртская Р.,2015,899,7079,217,1517.472
Удмуртская Р.,2016,771,7342,230,1517.164
Удмуртская Р.,2017,684,8627,268,1516.826
Удмуртская Р.,2018,634,8632,258,1513.044
Удмуртская Р.,2019,562,7753,268,1507.39
Удмуртская Р.,2020,400,7498,238,1500.955
Удмуртская Р.,2021,442,8064,252,1493.356
Ульяновская обл.,2009,1086,7256,227,1301.785
Ульяновская обл.,2010,995,8186,238,1294.736
Ульяновская обл.,2011,925,8397,271,1286.286
Ульяновская обл.,2012,935,8546,322,1274.487
Ульяновская обл.,2013,952,8855,388,1267.561
Ульяновская обл.,2014,868,9341,644,1267.561
Ульяновская обл.,2015,868,9825,422,1262.549
Ульяновская обл.,2016,825,12188,440,1257.621
Ульяновская обл.,2017,702,13449,405,1252.887
Ульяновская обл.,2018,586,13231,390,1246.618
Ульяновская обл.,2019,474,12283,390,1238.416
Ульяновская обл.,2020,405,8524,254,1229.824
Ульяновская обл.,2021,384,8449,253,1218.319
Х.-Мансийский АО,2009,1238,9419,375,1529.289
Х.-Мансийский АО,2010,1186,10107,452,1527.341
Х.-Мансийский АО,2011,1214,12043,517,1549.186
Х.-Мансийский АО,2012,1075,11205,576,1584.063
Х.-Мансийский АО,2013,934,11901,598,1597.248
Х.-Мансийский АО,2014,998,13999,607,1597.248
Х.-Мансийский АО,2015,965,13707,688,1612.076
Х.-Мансийский АО,2016,868,14764,709,1626.755
Х.-Мансийский АО,2017,758,15597,697,1646.078
Х.-Мансийский АО,2018,682,15988,679,1655.074
Х.-Мансийский АО,2019,648,16262,632,1663.795
Х.-Мансийский АО,2020,522,15759,575,1674.676
Х.-Мансийский АО,2021,536,15207,573,1687.654
Хабаровский край,2009,2012,1002,40,1401.17
Хабаровский край,2010,1771,1186,52,1345.713
Хабаровский край,2011,1661,1428,48,1342.681
Хабаровский край,2012,1615,1569,53,1342.083
Хабаровский край,2013,1599,1754,57,1339.912
Хабаровский край,2014,1422,1912,66,1339.912
Хабаровский край,2015,1437,2157,72,1338.305
Хабаровский край,2016,1374,2561,89,1334.552
Хабаровский край,2017,1283,2554,82,1333.294
Хабаровский край,2018,1162,2888,98,1328.302
Хабаровский край,2019,1057,3014,111,1321.473
Хабаровский край,2020,878,2507,91,1315.643
Хабаровский край,2021,814,2666,104,1301.127
Челябинская обл.,2009,2940,15727,523,3508.59
Челябинская обл.,2010,2888,16608,629,3478.588
Челябинская обл.,2011,2583,18082,804,3477.888
Челябинская обл.,2012,2434,16904,872,3485.272
Челябинская обл.,2013,2102,18342,840,3490.053
Челябинская обл.,2014,2005,20249,864,3490.053
Челябинская обл.,2015,2233,22553,902,3497.274
Челябинская обл.,2016,2041,26824,1042,3500.716
Челябинская обл.,2017,1876,29187,1081,3502.323
Челябинская обл.,2018,1786,28954,1147,3493.036
Челябинская обл.,2019,1665,28961,1200,3475.753
Челябинская обл.,2020,1263,26699,1038,3466.369
Челябинская обл.,2021,1210,27264,961,3442.81
Чеченская Р.,2009,958,470,71,1253.247
Чеченская Р.,2010,906,624,93,1260.242
Чеченская Р.,2011,703,807,93,1288.639
Чеченская Р.,2012,484,915,121,1324.767
Чеченская Р.,2013,466,1020,141,1346.438
Чеченская Р.,2014,400,1091,176,1346.438
Чеченская Р.,2015,420,1225,179,1370.268
Чеченская Р.,2016,372,1385,178,1394.172
Чеченская Р.,2017,359,1252,50,1414.865
Чеченская Р.,2018,359,1347,57,1436.981
Чеченская Р.,2019,385,1274,51,1456.951
Чеченская Р.,2020,299,974,52,1478.726
Чеченская Р.,2021,313,1056,25,1497.992
Чувашская Р.,2009,1032,919,12,1278.855
Чувашская Р.,2010,939,1004,18,1251.906
Чувашская Р.,2011,907,1801,16,1248.765
Чувашская Р.,2012,811,1754,23,1243.431
Чувашская Р.,2013,729,1259,27,1239.984
Чувашская Р.,2014,715,2218,20,1239.984
Чувашская Р.,2015,647,2386,42,1238.071
Чувашская Р.,2016,606,2348,46,1236.628
Чувашская Р.,2017,540,2260,41,1235.863
Чувашская Р.,2018,494,2289,34,1231.117
Чувашская Р.,2019,461,2467,38,1223.395
Чувашская Р.,2020,355,2568,45,1217.818
Чувашская Р.,2021,354,2768,47,1207.875
Чукотский АО,2009,44,43,0,49.056
Чукотский АО,2010,54,61,2,50.753
Чукотский АО,2011,71,69,3,50.667
Чукотский АО,2012,66,91,5,50.78
Чукотский АО,2013,70,97,2,50.555
Чукотский АО,2014,69,107,5,50.555
Чукотский АО,2015,79,117,4,50.54
Чукотский АО,2016,86,117,6,50.157
Чукотский АО,2017,73,149,7,49.822
Чукотский АО,2018,93,174,14,49.348
Чукотский АО,2019,68,187,12,49.663
Чукотский АО,2020,63,192,10,50.288
Чукотский АО,2021,74,203,10,49.527
Ям.-Ненецкий АО,2009,435,1050,50,545.088
Ям.-Ненецкий АО,2010,418,1095,41,523.719
Ям.-Ненецкий АО,2011,348,1587,22,530.742
Ям.-Ненецкий АО,2012,345,1331,36,541.612
Ям.-Ненецкий АО,2013,291,1454,47,539.671
Ям.-Ненецкий АО,2014,271,1634,44,539.671
Ям.-Ненецкий АО,2015,260,1730,61,539.985
Ям.-Ненецкий АО,2016,225,1905,55,534.104
Ям.-Ненецкий АО,2017,189,2128,57,536.049
Ям.-Ненецкий АО,2018,193,2274,80,538.547
Ям.-Ненецкий АО,2019,200,2395,81,541.479
Ям.-Ненецкий АО,2020,107,2390,52,544.444
Ям.-Ненецкий АО,2021,140,2530,57,547.01
Ярославская обл.,2009,618,863,30,1308.396
Ярославская обл.,2010,620,992,34,1273.965
Ярославская обл.,2011,572,1052,42,1271.018
Ярославская обл.,2012,576,1217,44,1271.672
Ярославская обл.,2013,525,1249,45,1271.766
Ярославская обл.,2014,519,1372,44,1271.766
Ярославская обл.,2015,480,1543,41,1271.629
Ярославская обл.,2016,432,1884,56,1271.912
Ярославская обл.,2017,392,2217,55,1270.736
Ярославская обл.,2018,284,2641,51,1265.684
Ярославская обл.,2019,281,3131,74,1259.612
Ярославская обл.,2020,241,3170,77,1253.389
Ярославская обл.,2021,229,3399,46,1241.424
